기관,원본_공고명,원본_전형,자동분류_직무,자동분류_전형,수동검수_정정
부산교통공사,공무직 채용(차량중정비),일반,공무직·기능,일반,
부산교통공사,공무직 채용(전기설비 유지보수),일반,공무직·기능,일반,공무직·기능
부산교통공사,공무직 채용(승강장안전문 유지보수),일반,공무직·기능,일반,
부산교통공사,2022년 공무직 공개채용(차량중정비),일반,공무직·기능,일반,
부산교통공사,2022년 공무직 공개채용(승강장안전문 유지보수),일반,공무직·기능,일반,
부산교통공사,2022년 하반기 공무직 공개채용(차량중정비),일반,공무직·기능,일반,
부산교통공사,2022년 하반기 공무직 공개채용(승강장안전문 유지보수),일반,공무직·기능,일반,
부산교통공사,2022년 하반기 공무직 채용(전기설비 유지보수),일반,공무직·기능,일반,공무직·기능
부산교통공사,2023년 공무직 공개채용(승강장안전문 유지보수),일반,공무직·기능,일반,
부산교통공사,2023년 하반기 공무직 공개채용(차량중정비),일반,공무직·기능,일반,
부산교통공사,2023년 하반기 공무직 공개채용(승강장안전문 유지보수),일반,공무직·기능,일반,
부산교통공사,2020년 신입사원 공개채용(기계),일반,기계,일반,
부산교통공사,2020년 신입사원 공개채용(기계),장애인,기계,사회배려,
부산교통공사,2021년 신입사원 공개채용(기계),일반,기계,일반,
부산교통공사,2021년 신입사원 공개채용(기계),장애인,기계,사회배려,
부산교통공사,2022년 신입사원 공개채용(기계),일반,기계,일반,
부산교통공사,2023년 신입사원 공개채용(기계),일반,기계,일반,
부산교통공사,2023년 신입사원 공개채용(기계),장애인,기계,사회배려,
부산교통공사,2024년 상반기 신입사원 공개채용(기계),일반,기계,일반,
부산교통공사,2024년 상반기 신입사원 공개채용(기계),장애인,기계,사회배려,
부산교통공사,2024년 상반기 신입사원 공개채용(기계),2종면허,기계,일반,
부산교통공사,2020년 신입사원 공개채용(운영),일반,사무·행정,일반,
부산교통공사,2020년 신입사원 공개채용(운영),장애인,사무·행정,사회배려,
부산교통공사,2020년 신입사원 공개채용(운영),2종면허,사무·행정,일반,
부산교통공사,2021년 신입사원 공개채용(운영),일반,사무·행정,일반,
부산교통공사,2021년 신입사원 공개채용(운영),장애인,사무·행정,사회배려,
부산교통공사,2021년 신입사원 공개채용(운영),기록물관리,사무·행정,일반,
부산교통공사,2022년 신입사원 공개채용(운영_행정),일반,사무·행정,일반,
부산교통공사,2022년 신입사원 공개채용(운영_경영),일반,사무·행정,일반,
부산교통공사,2022년 신입사원 공개채용(운영_경제),일반,사무·행정,일반,
부산교통공사,2022년 신입사원 공개채용(운영_법),일반,사무·행정,일반,
부산교통공사,2022년 신입사원 공개채용(운영_회계),일반,사무·행정,일반,
부산교통공사,2022년 신입사원 공개채용(운영_행정),장애인,사무·행정,사회배려,
부산교통공사,2022년 하반기 신입사원 공개채용(운영_행정),일반,사무·행정,일반,
부산교통공사,2022년 하반기 신입사원 공개채용(운영_경영),일반,사무·행정,일반,
부산교통공사,2022년 하반기 신입사원 공개채용(운영_경제),일반,사무·행정,일반,
부산교통공사,2022년 하반기 신입사원 공개채용(운영_법),일반,사무·행정,일반,
부산교통공사,2022년 하반기 신입사원 공개채용(운영_회계),일반,사무·행정,일반,
부산교통공사,2022년 하반기 신입사원 공개채용(운영_행정),장애인,사무·행정,사회배려,
부산교통공사,2023년 신입사원 공개채용(운영_행정),일반,사무·행정,일반,
부산교통공사,2023년 신입사원 공개채용(운영_경영),일반,사무·행정,일반,
부산교통공사,2023년 신입사원 공개채용(운영_경제),일반,사무·행정,일반,
부산교통공사,2023년 신입사원 공개채용(운영_법),일반,사무·행정,일반,
부산교통공사,2023년 신입사원 공개채용(운영_회계),일반,사무·행정,일반,
부산교통공사,2023년 신입사원 공개채용(운영_행정),장애인,사무·행정,사회배려,
부산교통공사,2023년 신입사원 공개채용(운영_경영),장애인,사무·행정,사회배려,
부산교통공사,2023년 신입사원 공개채용(운영_행정),보훈일반,사무·행정,사회배려,
부산교통공사,2024년 상반기 신입사원 공개채용(운영_행정),일반,사무·행정,일반,
부산교통공사,2024년 상반기 신입사원 공개채용(운영_경영),일반,사무·행정,일반,
부산교통공사,2024년 상반기 신입사원 공개채용(운영_경제),일반,사무·행정,일반,
부산교통공사,2024년 상반기 신입사원 공개채용(운영_법),일반,사무·행정,일반,
부산교통공사,2024년 상반기 신입사원 공개채용(운영_회계),일반,사무·행정,일반,
부산교통공사,2024년 상반기 신입사원 공개채용(운영_행정),장애인,사무·행정,사회배려,
부산교통공사,2024년 상반기 신입사원 공개채용(운영_경영),장애인,사무·행정,사회배려,
부산교통공사,2024년 상반기 신입사원 공개채용(운영_행정),보훈일반,사무·행정,사회배려,
부산교통공사,2020년 신입사원 공개채용(신호),일반,신호·통신,일반,
부산교통공사,2020년 신입사원 공개채용(통신),일반,신호·통신,일반,
부산교통공사,2020년 신입사원 공개채용(통신),장애인,신호·통신,사회배려,
부산교통공사,2021년 신입사원 공개채용(신호),일반,신호·통신,일반,
부산교통공사,2021년 신입사원 공개채용(통신),일반,신호·통신,일반,
부산교통공사,2021년 신입사원 공개채용(통신),장애인,신호·통신,사회배려,
부산교통공사,2022년 신입사원 공개채용(신호),일반,신호·통신,일반,
부산교통공사,2022년 신입사원 공개채용(신호),장애인,신호·통신,사회배려,
부산교통공사,2022년 하반기 신입사원 공개채용(신호),일반,신호·통신,일반,
부산교통공사,2023년 신입사원 공개채용(통신),일반,신호·통신,일반,
부산교통공사,2023년 신입사원 공개채용(통신),장애인,신호·통신,사회배려,
부산교통공사,2024년 상반기 신입사원 공개채용(신호),일반,신호·통신,일반,
부산교통공사,2024년 상반기 신입사원 공개채용(신호),장애인,신호·통신,사회배려,
부산교통공사,2024년 상반기 신입사원 공개채용(통신),일반,신호·통신,일반,
부산교통공사,2024년 상반기 신입사원 공개채용(통신),장애인,신호·통신,사회배려,
부산교통공사,2020년 신입사원 공개채용(운전),2종면허,운전·운송,일반,
부산교통공사,2021년 신입사원 공개채용(운전),2종면허,운전·운송,일반,
부산교통공사,2021년 하반기 신입사원(운전직) 채용,2종면허,운전·운송,일반,
부산교통공사,2022년 신입사원 공개채용(운전),2종면허,운전·운송,일반,
부산교통공사,2022년 하반기 신입사원 공개채용(운전),2종면허,운전·운송,일반,
부산교통공사,2023년 신입사원 공개채용(운전),2종면허,운전·운송,일반,
부산교통공사,2024년 상반기 신입사원 공개채용(운전),2종면허,운전·운송,일반,
부산교통공사,2020년 신입사원 공개채용(전기),일반,전기,일반,
부산교통공사,2020년 신입사원 공개채용(전기),장애인,전기,사회배려,
부산교통공사,2021년 신입사원 공개채용(전기),일반,전기,일반,
부산교통공사,2021년 신입사원 공개채용(전기),장애인,전기,사회배려,
부산교통공사,2021년 신입사원 공개채용(전기),2종면허,전기,일반,
부산교통공사,2022년 신입사원 공개채용(전기),일반,전기,일반,
부산교통공사,2022년 신입사원 공개채용(전기),장애인,전기,사회배려,
부산교통공사,2022년 하반기 신입사원 공개채용(전기),일반,전기,일반,
부산교통공사,2022년 하반기 신입사원 공개채용(전기),기능인재,전기,일반,
부산교통공사,2023년 신입사원 공개채용(전기),일반,전기,일반,
부산교통공사,2023년 신입사원 공개채용(전기),장애인,전기,사회배려,
부산교통공사,2024년 상반기 신입사원 공개채용(전기),일반,전기,일반,
부산교통공사,2024년 상반기 신입사원 공개채용(전기),장애인,전기,사회배려,
부산교통공사,2024년 상반기 신입사원 공개채용(전기),2종면허,전기,일반,
부산교통공사,2020년 신입사원 공개채용(운영_전산),일반,전산,일반,전산
부산교통공사,2022년 하반기 신입사원 공개채용(운영_전산),일반,전산,일반,전산
부산교통공사,2021년 청년인턴 모집 공고,일반,청년인턴,일반,
부산교통공사,2022년 청년인턴 모집 공고,일반,청년인턴,일반,
부산교통공사,2023년 청년인턴 공개채용(1기),일반,청년인턴,일반,
부산교통공사,2023년 청년인턴 공개채용(2기),일반,청년인턴,일반,
부산교통공사,2023년 청년인턴 공개채용(2기),장애인,청년인턴,사회배려,
부산교통공사,2024년 청년인턴 공개채용(1기),일반,청년인턴,일반,
부산교통공사,2024년 청년인턴 공개채용(1기),장애인,청년인턴,사회배려,
부산교통공사,2024년 청년인턴 공개채용(2기),일반,청년인턴,일반,
부산교통공사,2024년 청년인턴 공개채용(2기),장애인,청년인턴,사회배려,
부산교통공사,2020년 신입사원 공개채용(토목),일반,토목·건축,일반,
부산교통공사,2020년 신입사원 공개채용(토목),장애인,토목·건축,사회배려,
부산교통공사,2020년 신입사원 공개채용(건축),일반,토목·건축,일반,
부산교통공사,2021년 신입사원 공개채용(토목),일반,토목·건축,일반,
부산교통공사,2021년 신입사원 공개채용(건축),일반,토목·건축,일반,
부산교통공사,2022년 신입사원 공개채용(토목),일반,토목·건축,일반,
부산교통공사,2022년 하반기 신입사원 공개채용(토목),일반,토목·건축,일반,
부산교통공사,2023년 신입사원 공개채용(토목),일반,토목·건축,일반,
부산교통공사,2024년 상반기 신입사원 공개채용(토목),일반,토목·건축,일반,
부산교통공사,2024년 상반기 신입사원 공개채용(토목),장애인,토목·건축,사회배려,
부산교통공사,2024년 상반기 신입사원 공개채용(건축),일반,토목·건축,일반,
부산교통공사,2024년 상반기 신입사원 공개채용(건축),장애인,토목·건축,사회배려,
부산도시공사,2020년 부산도시공사 공무직사원 모집공고,공무직,공무직·기능,일반,
부산도시공사,2021년 부산도시공사 공무직사원 모집공고,공무직,공무직·기능,일반,
부산도시공사,2022년 부산도시공사 신입사원 모집공고,공무직,공무직·기능,일반,
부산도시공사,2022년 하반기 부산도시공사 사원 모집공고,공무직,공무직·기능,일반,
부산도시공사,2023년 부산도시공사 신입사원 모집공고,공무직,공무직·기능,일반,
부산도시공사,2023년 하반기 부산도시공사 직원 모집공,일반(경력),공무직·기능,일반,
부산도시공사,2023년 하반기 부산도시공사 직원 모집공고,일반(경력),공무직·기능,일반,
부산도시공사,2024년 상반기 부산도시공사 기간제직원 모집공고,청년인턴,기타,일반,
부산도시공사,2020년 부산도시공사 공무직 사원 모집공고,공무직,사무·행정,일반,
부산도시공사,2020년 부산도시공사 신입사원 모집공고,일반,사무·행정,일반,
부산도시공사,2021년 부산도시공사 신입사원 모집공고,일반,사무·행정,일반,
부산도시공사,2021년 부산도시공사 신입사원 모집공고,장애인,사무·행정,사회배려,
부산도시공사,2022년 부산도시공사 신입사원 모집공고,일반,사무·행정,일반,
부산도시공사,2022년 부산도시공사 신입사원 모집공고,장애인,사무·행정,사회배려,
부산도시공사,2022년 부산도시공사 신입사원 모집공고,경력,사무·행정,일반,
부산도시공사,2023년 부산도시공사 신입사원 모집공고,일반,사무·행정,일반,
부산도시공사,2023년 부산도시공사 신입사원 모집공고,장애인,사무·행정,사회배려,
부산도시공사,2023년 하반기 부산도시공사 직원 모집공고,일반,사무·행정,일반,
부산도시공사,2024년 부산도시공사 신입사원 모집공고,일반,사무·행정,일반,
부산도시공사,2024년 부산도시공사 신입사원 모집공고,장애인,사무·행정,사회배려,
부산도시공사,2020년 부산도시공사 공무직 사원 모집공고,취업지원대상자,운전·운송,사회배려,
부산도시공사,2021년 부산도시공사 신입사원 모집공고,공무직,운전·운송,일반,
부산도시공사,부산도시공사 청년인턴 모집공고,청년인턴,청년인턴,일반,
부산도시공사,2023년 부산도시공사 기간제직원 모집공고,청년인턴,청년인턴,일반,
부산도시공사,2023년 부산도시공사 기간제직원 모집공고,청년인턴(장애인),청년인턴,사회배려,
부산도시공사,2023년 부산도시공사 기간제직원 모집 재공고,청년인턴,청년인턴,일반,
부산도시공사,2023년 부산도시공사 기간제직원 모집 재공고,청년인턴(장애인),청년인턴,사회배려,
부산도시공사,2024년 부산도시공사 상반기 제2회 기간제직원 모집공고,청년인턴,청년인턴,일반,
부산도시공사,2024년 부산도시공사 하반기 기간제직원 모집공고,청년인턴,청년인턴,일반,
