번호,공고명,공고시작일,공고마감일,접수시작일,접수마감일,접수방법,접수대행,일반전형,채용인원,채용방법,전형방법,임용시기,임용조건,담당부서,연락처
1,부산관광공사 일반계약직 공개경쟁채용 공고,2020-04-14,2020-04-24,2020-04-14,2020-04-24,"우편접수, 인터넷 접수",직접,일반계약직,1,NCS기반 블라인드 채용,"1차 서류심사,  2차 면접시험, 3차 최종합격",2020-05-11,"  -성별, 학력, 전공, 지역에 대한 제한 없음,   -병역필 또는 면제자 및 해외여행에 결격사유가 없는자 ,  -현역의 경우에는 최종합격자 발표 전일까지 전역이 가능하여야 하며, 회사 등 재직 중인 자는 임용 시부터 재직이 가능하여야 함",경영지원팀,051-780-2134
2,부산시티투어 무기계약직 운전원 공개경쟁채용 공고,2020-04-23,2020-05-04,2020-04-23,2020-05-04,"우편접수, 인터넷 접수",직접,무기계약직,2,NCS기반 블라인드 채용,"1차 서류심사,  2차 면접시험,  3차 최종합격",2020-05-15,"  -성별, 학력, 전공, 지역에 대한 제한 없음,    -연령은 공사 정년 규정인 60세 미만인 자,    -병역필 또는 면제자 및 해외여행에 결격사유가 없는자 ,  -현역의 경우에는 최종합격자 발표 전일까지 전역이 가능하여야 하며, 회사 등 재직 중인 자는 임용 시부터 재직이 가능하여야 함",경영지원팀,051-780-2134
3,부산관광공사 일반계약직 채용 공고,2020-05-15,2020-05-26,2020-05-15,2020-05-26,"우편접수, 인터넷 접수",직접,일반계약직,2,NCS기반 블라인드 채용,"1차 서류심사,  2차 면접시험, 3차 최종합격",2020-06-08,"  -다음 외국어 자격요건 중 한 가지 이상 해당자,  (영어) 토익 800이상 또는 TOEFL 91이상 또는 TEPS 650이상,  (일어) JPT 800이상 또는 JLPT N1 이상 ,  (중어) HSK 5급이상",경영지원팀,051-780-2134
4,부산관광공사 일반(일용)계약직 공개경쟁채용 공고,2020-06-26,2020-07-06,2020-06-26,2020-07-06,"우편접수, 인터넷 접수",직접,"일반계약직3명, 일용계약직3명",6,NCS기반 블라인드 채용,"1차 서류심사,  2차 면접시험, 3차 최종합격",2020-07-15,"  -다음 외국어 자격요건 중 한 가지 이상 해당자,  (영어) 토익 800이상 또는 TOEFL 91이상 또는 TEPS 650이상,  (일어) JPT 800이상 또는 JLPT N1 이상 ,  (중어) HSK 5급이상",경영지원팀,051-780-2134
5,2020년 부산관광공사 NCS기반 블라인드 공개경쟁채용 공고,2020-06-29,2020-07-10,2020-06-29,2020-07-10,인터넷 접수,직접,"일반직 3명, 전문계약직1명",4,NCS기반 블라인드 채용,"1차 서류심사, 2차 필기시험,  3차 면접시험, 4차 최종합격",2020-08-24,"일반직 2급, ? 공무원 4급 이상 경력자, ? 정부 및 지방자치단체 투자기관 동일직급 이상 경력자, ? 기업체에서 20년 이상 재직 및 부장급 5년 이상 경력자, ? 위 각 호에 준하는 자격 또는 능력이 있다고 인정되는 자, 전문계약직 나급, ? 통계 또는 관광 관련 분야 박사학위 취득자, ? 통계 또는 관광 관련 분야 석사학위 취득 후 3년 이상 경력자, ? 통계 또는 관광 관련 분야 10년 이상 경력자, 일반직 7급, ? 다음 외국어 자격요건 중 한 가지 이상 해당자(필수사항),  (영어) 토익 800 또는 TOEFL 91 또는 TEPS 650 이상,  (일어) JPT 800 또는 JLPT N2 이상 , (중어) 新 HSK 5급이상, 공인외국어 성적은 응시접수 마감일 기준 유효기간이 2년 이내 성적만 인정",경영지원팀,051-780-2134
6,일반계약직(휴직대체) 채용 공고,2020-08-25,2020-09-04,2020-08-25,2020-09-04,"우편접수, 인터넷 접수",직접,일반계약직,2,NCS기반 블라인드 채용,"1차 서류심사,  2차 면접시험, 3차 최종합격",2020-09-21,"다음외국어 자격요건 중 한 가지 이상 해당자(필수사항),영어토익 800 또는 TOEFL 91 또는 TEPS 650 이상(일어) JPT 800 또는 JLPT N2 이상 (중어) 新 HSK 5급이상※ 공인외국어 성적은 응시접수 마감일 기준 유효기간이 2년 이내 성적만 인정",경영지원팀,051-780-2134
7,부산관광공사 아르피나 기간제근로자 직원 공개경쟁 채용 공고,2020-10-06,2020-10-16,2020-10-06,2020-10-16,"우편접수, 이메일접수, 방문접수",직접,일반계약직,1,NCS기반 블라인드 채용,"1차 서류심사,  2차 면접시험, 3차 최종합격",2020-10-22,"성별, 학력, 전공, 지역에 대한 제한 없음,병역필 또는 면제자 및 해외여행에 결격사유가 없는자 ,현역의 경우에는 최종합격자 발표 전일까지 전역이 가능하여야 하며, 회사 등 재직 중인 자는 임용 시부터 재직이 가능하여야 함",경영지원팀,051-780-2134
8,2021 하반기 부산관광공사 신입공채 공고,2021-09-29,2021-10-06,2021-09-29,2021-10-06,인터넷 접수,https://bto.or.kr/kor/CMS/Board/Board.do?mCode=MN049&page=17&mgr_seq=23&mode=view&mgr_seq=23&board_seq=1894,일반사무직,6,NCS기반 블라인드 채용,"1차 서류심사, 2차 필기시험,  3차 면접시험, 4차 최종합격",2021-12-13," 가. 일반 응시자격,    1) 연    령 : 「청년고용촉진특별법」제5조 제1항 및 동법시행령 제2조의 의거 공고일 기준 만 34세 이하인 청년, 2) 학    력 : 제한 없음, 3) 병    역 : 해외여행에 결격사유가 없는 자, 남자의 경우 병역필 또는 면제된 자, ※ 현역복무 중인 자는 단계별 전형절차(필기시험, 면접시험 등)에 응시가 가능하여야 하며, 최종합격자 발표일 전일까지 전역(소집해제)이 가능하여야 함., 4) 응시제한 : 우리공사 인사규정 제17조(결격사유)에 해당하는 자(공통) ,5) 근무조건 : 초과근로가 가능한 자, 6) 기타사항 : 각 시험 단계별 응시 및 교육훈련 참여가 가능한 자 나. 지역제한     □ 요  건 : 아래 ①번과 ②번의 요건 중 하나를 충족하여야 함    ① 공고일 이전부터 면접시험 최종일까지 계속하여 부산광역시에 주민등록상 거주하는 자로서 동 기간 중 주민등록의 말소 및 거주 불명으로 등록된 사실이 없어야 함    ② 공고일 이전까지 부산광역시에 주민등록상 주소지를 두고 있었던 기간을 모두 합산하여 총 3년 이상인 자 (영어) 토익 800 또는 TOEFL 91 또는 TEPS 650 이상 (일어) JPT 800 또는 JLPT N2 이상 (중어) 新 HSK 5급이상※ 공인외국어 성적은 응시접수 마감일 기준 유효기간이 2년 이내 성적만 인정",경영지원팀,051-780-2134
9,부산관광공사 임원 초빙 공고,2021-09-30,2021-10-15,2021-09-30,2021-10-15,"방문,등기우편 접수",직접,"임원(총2명), 사장 1명, 비상임이사 1명",2,공사 내규에 따름,"1차 서류심사,  2차 면접시험, 3차 최종합격",2022-01-08,"사장 : 관광 및 경영 분야에 대한 전문지식과 경험이 풍부한 자 최고경영자로서 조직화합과 경영성과를 이룰 수 있는 자, 확고한 개혁 의지와 조직관리 능력을 갖춘 자, 청렴성과 도덕성 등 건전한 윤리의식을 가진 자, 기업성과 공익성을 조화시킬 수 있는 자, 비상임이사: 공사 발전을 위한 경영 비전 및 정책적 제언을 제시할 수 있는 자, 최고 의사결정기구 구성원으로서 기본윤리, 책임감을 갖춘 자, 경영일반, 회계, 세무, 관광 산업 전반에 대한 지식과 경험을 보유한 자, 선거를 통해서 선출된 노동자이사 후보자",경영지원팀,051-780-2134
10,부산관광공사 일반계약직(육아휴직 대체) 공개경쟁채용 공고,2021-10-15,2021-10-25,2021-10-15,2021-10-25,인터넷 접수,직접,일반계약직,3,NCS기반 블라인드 채용,"1차 서류심사,  2차 면접시험, 3차 최종합격",2021-11-08,"성별, 학력, 전공, 지역에 대한 제한 없음, 병역필 또는 면제자 및 해외여행에 결격사유가 없는자  현역의 경우에는 최종합격자 발표 전일까지 전역이 가능하여야 하며, 회사 등 재직 중인 자는 임용 시부터 재직이 가능하여야 함, 다음 자격요건 중 한 가지 이상 해당자 (영어) 토익 800이상 또는 TOEFL 91이상 또는 TEPS 650이상, (일어) JPT 800이상 또는 JLPT N2 이상, (중어) HSK 5급이상, ※외국어 성적은 응시접수 마감일 기준 2년 이내 취득한 성적만 인정",경영지원팀,051-780-2134
11,부산관광공사 임원 초빙 공고,2022-01-28,2022-02-14,2022-01-28,2022-02-14,인터넷 접수,직접,비상임이사,3,공사 내규에 따름,서류심사 (공사 임원추천위원회 설치운영규정에 의하여 심사항목별 세부심사기준에 따라 평가),0,"공사 발전을 위한 경영 비전 및 정책적 제언을 제시할 수 있는 자,최고 의사결정기구 구성원으로서 기본윤리, 책임감을 갖춘 자, 경영일반, 회계, 세무, 관광 산업 전반에 대한 지식과 경험을 보유한 자, 선거를 통해서 선출된 노동자이사 후보자",경영지원팀,051-780-2134
12,부산관광공사 무기계약직 공개경쟁채용 (부산시티투어버스운전원),2022-03-04,2022-10-15,2022-03-04,2022-10-15,인터넷 접수,직접,"모집부문-정규직, 직급-무기계약직",3,NCS기반 블라인드 채용,"1차 서류심사,  2차 면접시험, 3차 최종합격",2022-03-21,"-응시자격: 성별, 학력, 전공, 지역에 대한 제한 없음, 병역필 또는 면제자 및 해외여행에 결격사유가 없는자, 현역군인의 경우에는 최종합격자 발표 전일까지 전역이 가능하여야 하며, 회사 등 재직 중인 자는 임용 시부터 재직이 가능하여야 함, 임용예정일 기준 공사 정년퇴직 연령(만 60세)에 도달하지 않아야 함, - 직무필수 자격:(공고일 기준) 1종 대형운전면허를 보유하고 있는 버스운전자격증 소지자(공고일 기준) 영업용 버스운전 경력 2년 이상인 자,영업용버스: 시내버스, 농어촌버스, 마을버스, 시외·고속버스, 전세버스, 4대보험 가입 및 사업자등록이 되어있어야 함. (경력증명서 제출필요),(합격예정자 등록마감일 기준) 운전경력증명서상 최근 3년간 무사고 운전자,  * 기간 중 운전자격이 정지된 자 제외 (합격예정자 등록마감일 기준) 최근 3년 이내 운전자 정밀검사 적합판정을 받은 자* 재발급 포함(합격예정자 등록마감일 기준) 최근 5년간 음주로 인한 운전면허 정지, 취소를  받지 않은 자",경영지원팀,051-780-2134
13,부산관광공사 임원 초빙 공고,2022-04-04,2022-04-19,2022-04-04,2022-04-19,방문 또는 등기우편 접수,직접,상임이사,1,공사 내규에 따름,"1차 서류심사, 2차 면접심사 ※면접심사는 임원추천위원회 의결로 생략할 수 있음",0,"- 지방공기업법 제60조(임원의 결격사유) 제1항에 해당하지 않는 자로서 다음 각호의 1에 해당하는 자, 상장법인에서 10년 이상 경력과 관광, 경영 등 관련 분야 전문지식을 갖춘 자, +N15중앙부처 또는 지방자치단체 공무원으로서 10년 이상 경력과 관광, 경영 등 관련 분야 전문지식을 갖춘 자, 공공기관 또는 지방공기업에서 10년 이상 경력과 관광, 경영 등 관련 분야 전문지식을 갖춘 자, 대학·연구기관에서 관광, 경영 등 관련 분야 연구 경력과 전문지식을 갖춘 자, 기타 위 각호에 상응하는 자격이 있다고 임원추천위원회에서 인정하는 자",경영지원팀,051-780-2134
14, 2022년 부산관광공사 신입사원 공개채용 공고,2022-09-21,2022-09-28,2022-09-21,2022-09-28,인터넷 접수,https://bto.saramin.co.kr/service/bto/3246/applicant/apply/recruit_default.asp,일반사무직,3,NCS기반 블라인드 채용,"1차 서류심사, 2차 필기시험,  3차 면접시험, 4차 최종합격",2022-12-07,"가. 일반 응시자격: 연    령: 「청년고용촉진특별법」제5조제1항및동법시행령제2조의의거 공고일기준만34세이하인미취업청년 ,학    력: 제한 없음,응시제한 : 우리공사 인사규정 제17조(결격사유)에 해당하는 자(공통), 근무조건 : 초과근로가 가능한 자, 기타사항 : 각 시험단계 응시 및 교육 참여 가능자, 해외여행에 결격사유가 없는 자,※ 현역복무 중인 자는 단계별 전형절차(필기시험, 면접시험 등)에 응시가 가능하여야 하며, 최종합격자 발표일 전일까지 전역(소집해제)이 가능하여야 함., 나. 지역제한, 요  건 :아래 ①번과 ②번의 요건 중 하나를 충족하여야 함,① 공고일 이전부터 면접시험 최종일까지 계속하여 부산광역시에 주민등록상 거주하는 자로서 동 기간 중 주민등록의 말소 및 거주 불명으로 등록된 사실이 없어야 함, 공고일 이전까지 부산광역시에 주민등록상 주소지를 두고 있었던 기간을 모두 합산하여 총 3년 이상인 자,지역제한 요건의 확인은 ‘개인별 주민등록표’를 기준으로 함, 과거 거주 사실의 합산은 연속하지 않더라도 총 거주한 기간을 월(月) 단위로 계산하여 36개월 이상이면 충족 함,재외국민(해외영주권자)의 경우 위 거주지 제한 요건과 같고 주민등록 또는 국내거소신고사실증명으로 거주한 사실을 증명함.다. 분야별 응시자격분야응시자격 아래의 자격증 중 1개 이상을 소지하여야 함. 정보보안- 정보보안기사- 정보보안산업기사- 전자계산기조직응용기사※ 원서접수 마감일까지 취득 및 유효하게 등록되어야만 인정.아래의 요건 중 하나를 충족하여야 함.관광마케팅- (영어) 토익 800 또는 TOFEL 91 또는 TEPS 650 이상- (일어) JPT 800 또는 JLPT N2 이상  - (중어) 新 HSK 5급이상.※ 원서접수 마감일까지 취득 및 유효하게 등록되어야만 인정",경영지원팀,051-780-2134
15,2022년 부산관광공사 체험형 청년인턴 선발 공고,2022-11-29,2022-12-09,2022-11-29,2022-12-09,인터넷 접수,직접,체험형인턴,2,NCS기반 블라인드 채용,"1차 서류심사, 2차 면접시험, 3차 최종합격",2022-12-30," 가. 일반 응시자격  1) 연    령 : 「청년고용촉진특별법」제5조 제1항 및 동법시행령 제2조의 의거      공고일 기준 만 34세 이하인 청년,2) 학    력 : 제한 없음, 3) 병    역 : 해외여행에 결격사유가 없는 자, 남자의 경우 병역필 또는 면제된 자 ※ 현역복무 중인 자는 단계별 전형절차(필기시험, 면접시험 등)에 응시가 가능하여야 하며, 최종합격자 발표일 전일까지 전역(소집해제)이 가능하여야 함.   4) 응시제한 : 우리공사 인사규정 제17조(결격사유)에 해당하는 자(공통) 5) 근무조건 : 초과근로가 가능한 자, 임용예정일 당시 취업상태가 아닌자  ※ 취업상태의 확인은 고용보험 가입이력을 기준으로 함   6) 기타사항 : 각 시험 단계별 응시 및 교육훈련 참여가 가능한 자 나. 지역제한  요  건 : 아래 3가지의 요건 중 하나를 충족하여야 함 ① 공고일 기준 부산광역시 소재 대학교 재학 중 또는 졸업, 졸업예정자 ② 공고일 이전부터 면접일까지 주민등록기준상 부산광역시에 거주 중인 자- 단 동기간 중 주민등록 말 소 및 거주 불명으로 등록된 사실이 없어야 함  ③ 공고일 기준 주민등록기준상 부산광역시에서 합산 거주한 기간이 3년 이상인 자",경영지원팀,051-780-2134
16,2022 부산관광공사 일반계약직 공개경쟁채용 공고,2022-11-29,2022-12-09,2022-11-29,2022-12-09,인터넷 접수,직접,일반계약직,1,NCS기반 블라인드 채용,"1차 서류심사, 2차 면접시험, 3차 최종합격",2022-12-30,"1. 공통 응시자격 :성별, 학력, 전공, 지역에 대한 제한 없음, 병역필 또는 면제자 및 해외여행에 결격사유가 없는자,현역의 경우에는 최종합격자 발표 전일까지 전역이 가능하여야 하며, 회사 등 재직 중인 자는 임용 시부터 재직이 가능하여야 함,다음 자격요건 중 한 가지 이상 해당자,(영어) 토익 600이상 또는 TOEFL 69이상 또는 NEW TEPS 228이상,※외국어 성적은 응시접수 마감일 기준 2년 이내 취득한 성적만 인정, 우대사항: 관광 관련 업무 경험자",경영지원팀,051-780-2134
17,2023 부산관광공사 일반계약직 공개경쟁채용 공고,2023-01-25,2023-02-06,2023-01-25,2023-02-06,인터넷 접수,직접,일반계약직,6,NCS기반 블라인드 채용,"1차 서류심사, 2차 면접시험, 3차 최종합격",2023-02-24,"응시자격:성별, 학력, 전공, 지역에 대한 제한 없음,병역필 또는 면제자 및 해외여행에 결격사유가 없는자 , 현역의 경우에는 최종합격자 발표 전일까지 전역이 가능하여야 하며, 회사 등 재직 중인 자는 임용 시부터 재직이 가능하여야 함,채용분야, 응시자격:  다음 자격요건 중 한 가지 이상 해당자,(영어) 토익 800이상 또는 TOEFL 91이상 또는 TEPS 650이상,(일어) JPT 800이상 또는 JLPT N2 이상, (중어) HSK 5급이상,외국어 성적은 응시접수 마감일 기준 2년 이내 취득한 성적만 인정",경영지원팀,051-780-2134
18,부산관광공사 일반계약직 (육아휴직 대체)채용 공고(장애인 제한경쟁),2023-02-27,2023-03-10,2023-02-27,2023-03-10,인터넷 접수,직접,일반계약직,2,NCS기반 블라인드 채용,"1차 서류심사, 2차 면접시험, 3차 최종합격",2023-04-12,"응시자격 : 성별, 학력, 전공, 지역에 대한 제한 없음, 병역필 또는 면제자 및 해외여행에 결격사유가 없는자, 현역의 경우에는 최종합격자 발표 전일까지 전역이 가능하여야 하며, 회사 등 재직 중인 자는 임용 시부터 재직이 가능하여야 함, 채용분야:응시자격  장애인고용촉진 및 직업재활법」에 의한 장애인 ※ 장애인 등록증 또는 복지카드 사본 제출",경영지원팀,051-780-2134
19,2023년 부산관광공사 무기계약직(운전원)  공개경쟁채용 공고,2023-03-23,2023-04-05,2023-03-23,2023-04-05,인터넷 접수,직접,무기계약직,3,NCS기반 블라인드 채용,"1차 서류심사, 2차 면접시험, 3차 최종합격",2023-04-24,"응시자격:성별, 학력, 전공, 지역에 대한 제한 없음,병역필 또는 면제자 및 해외여행에 결격사유가 없는자,현역군인의 경우에는 최종합격자 발표 전일까지 전역이 가능하여야 하며, 회사 등 재직 중인 자는 임용 시부터 재직이 가능하여야 함,임용예정일 기준 공사 정년퇴직 연령(만 60세)에 도달하지 않아야 함, 직무필수(공고일 기준) 1종 대형운전면허를 보유하고 있는 버스운전자격증 소지자 (공고일 기준) 영업용 버스운전 경력 2년 이상인 자  - 영업용버스: 시내버스, 농어촌버스, 마을버스, 시외·고속버스, 전세버스  - 4대보험 가입 및 사업자등록이 되어있어야 함. (경력증명서 제출필요),(합격예정자 등록마감일 기준) 운전경력증명서상 최근 3년간 무사고 운전자  * 기간 중 운전자격이 정지된 자 제외 (합격예정자 등록마감일 기준) 최근 3년 이내 운전자 정밀검사 적합판정을 받은 자 * 재발급 포함(합격예정자 등록마감일 기준) 최근 5년간 음주로 인한 운전면허 정지, 취소를 받지 않은 자",경영지원팀,051-780-2134
20,2023년 부산관광공사 일반계약직 (서울사무소 및 마케팅실 외) 채용 공고,2023-03-30,2023-04-12,2023-03-30,2023-04-12,인터넷 접수,직접,일반계약직,6,NCS기반 블라인드 채용,"1차 서류심사, 2차 면접시험, 3차 최종합격",2023-05-02,"성별, 학력, 전공, 지역에 대한 제한 없음, 병역필 또는 면제자 및 해외여행에 결격사유가 없는자, 현역의 N21경우에는 최종합격자 발표 전일까지 전역이 가능하여야 하며, 회사 등 재직 중인 자는 임용 시부터 재직이 가능하여야 함",경영지원팀,051-780-2134
21,"2023년 부산관광공사 일반계약직 (지역MICE활성화, 모객인센티브) 채용 공고",2023-04-28,2023-05-08,2023-04-28,2023-05-08,인터넷 접수,직접,일반계약직,2,NCS기반 블라인드 채용,"1차 서류심사, 2차 면접시험, 3차 최종합격",2023-05-26,"성별, 학력, 전공, 지역에 대한 제한 없음, 병역필 또는 면제자 및 해외여행에 결격사유가 없는자, 현역의 N21경우에는 최종합격자 발표 전일까지 전역이 가능하여야 하며, 회사 등 재직 중인 자는 임용 시부터 재직이 가능하여야 함",경영지원팀,051-780-2134
22,2023년 부산관광공사 일반계약직(서울사무소) 채용 공고,2023-05-04,2023-05-14,2023-05-04,2023-05-14,인터넷 접수,직접,일반계약직,1,NCS기반 블라인드 채용,"1차 서류심사, 2차 면접시험, 3차 최종합격",2023-06-01,"성별, 학력, 전공, 지역에 대한 제한 없음, 병역필 또는 면제자 및 해외여행에 결격사유가 없는자, 현역의 N21경우에는 최종합격자 발표 전일까지 전역이 가능하여야 하며, 회사 등 재직 중인 자는 임용 시부터 재직이 가능하여야 함",경영지원팀,051-780-2134
23,"2023년 부산관광공사 일반계약직(육아휴직 대체)  채용 공고(공개경쟁, 장애인 제한경쟁)",2023-05-12,2023-05-22,2023-05-12,2023-05-22,인터넷 접수,직접,일반계약직,3,NCS기반 블라인드 채용,"1차 서류심사, 2차 면접시험, 3차 최종합격",2023-06-12,"성별, 학력, 전공, 지역에 대한 제한 없음, 병역필 또는 면제자 및 해외여행에 결격사유가 없는자, 현역의 N21경우에는 최종합격자 발표 전일까지 전역이 가능하여야 하며, 회사 등 재직 중인 자는 임용 시부터 재직이 가능하여야 함",경영지원팀,051-780-2134
24,2023년 부산관광공사 무기계약직(운전원)  공개경쟁채용 재공고,2023-05-19,2023-06-02,2023-05-19,2023-06-02,인터넷 접수,직접,일반계약직,3,NCS기반 블라인드 채용,"1차 서류심사, 2차 면접시험, 3차 최종합격",2023-06-02," 성별, 학력, 전공, 지역에 대한 제한 없음, 병역필 또는 면제자 및 해외여행에 결격사유가 없는자, 현역의 N21경우에는 최종합격자 발표 전일까지 전역이 가능하여야 하며, 회사 등 재직 중인 자는 임용 시부터 재직이 가능하여야 함,임용예정일 기준 공사 정년퇴직 연령(만 60세)에 도달하지 않아야 함",경영지원팀,051-780-2134
25,2023년 부산관광공사 일반계약직 (야간특화도시 조성사업) 채용 공고,2023-06-07,2023-06-18,2023-06-07,2023-06-18,인터넷 접수,직접,일반계약직,1,NCS기반 블라인드 채용,"1차 서류심사, 2차 면접시험, 3차 최종합격",2023-07-10,"성별, 학력, 전공, 지역에 대한 제한 없음, 병역필 또는 면제자 및 해외여행에 결격사유가 없는자,현역의 경우에는 최종합격자 발표 전일까지 전역이 가능하여야 하며,  회사 등 재직 중인 자는 임용 시부터 재직이 가능하여야 함",경영지원팀,051-780-2134
26,2023년 부산관광공사 서울사무소 일반계약직 채용 공고,2023-07-07,2023-07-17,2023-07-07,2023-07-17,인터넷 접수,직접,일반계약직,1,NCS기반 블라인드 채용,"1차 서류심사, 2차 면접시험, 3차 최종합격", 2023-08-07,"성별, 학력, 전공, 지역에 대한 제한 없음,병역필 또는 면제자 및 해외여행에 결격사유가 없는자,현역의 경우에는 최종합격자 발표 전일까지 전역이 가능하여야 하며,  회사 등 재직 중인 자는 임용 시부터 재직이 가능하여야 함",경영지원팀,051-780-2134
27,2023년 부산관광공사 무기계약직(운전원) 공개경쟁채용 공고,2023-08-11,2023-08-21,2023-08-11,2023-08-21,인터넷 접수,직접,무기계약직,5,NCS기반 블라인드 채용,"1차 서류심사, 2차 면접시험, 3차 최종합격",2023-09-25,"성별, 학력, 전공, 지역에 대한 제한 없음,병역필 또는 면제자 및 해외여행에 결격사유가 없는자,현역군인의 경우에는 최종합격자 발표전일까지 전역이 가능하여야 하며, 회사 등 재직 중인 자는 임용시부터 재직이 가능하여야 함,임용예정일 기준 공사 정년퇴직 연령(만 60세)에 도달하지 않아야 함",경영지원팀,051-780-2134
28,2023년 부산관광공사 무기계약직(운전원) 공개경쟁채용 재공고,2023-08-28,2023-09-07,2023-08-28,2023-09-07,인터넷 접수,직접,무기계약직,6,NCS기반 블라인드 채용,"1차 서류심사, 2차 면접시험, 3차 최종합격",2023-10-04,"성별, 학력, 전공, 지역에 대한 제한 없음,병역필 또는 면제자 및 해외여행에 결격사유가 없는자,현역군인의 경우에는 최종합격자 발표전일까지 전역이 가능하여야 하며, 회사 등 재직 중인 자는 임용시부터 재직이 가능하여야 함,임용예정일 기준 공사 정년퇴직 연령(만 60세)에 도달하지 않아야 함",경영지원팀,051-780-2134
29,2023년 부산관광공사 신입사원 공개채용 공고,2023-08-29,2023-09-19,2023-08-29,2023-09-19,인터넷 접수,https://bto.saramin.co.kr/service/bto/2900/applicant/apply/recruit_default.asp,일반사무직,4,NCS기반 블라인드 채용,1. 필기시험 2. 인성검사 3. 서류심사 4. 면접시험,2023-11-27,"정보보안:아래의 자격증 중 1개 이상을 소지하여야 함. 정보보안기사,정보보안산업기사,전자계산기조직응용기사,경영일반 및 마케팅, 아래의 요건 중 하나를 충족하여야 함.(영어) 토익 800 또는 TOEFL 91 또는 New TEPS 309 이상,(일어) JPT 800 또는 JLPT N2 이상, (중어) 新HSK 5급 이상,※ 원서접수 마감일까지 취득 및 유효하게 등록되어야만 인정",경영지원팀,051-780-2134
30,"2023년 부산관광공사 일반계약직(육아휴직 대체) 채용 공고(공개경쟁, 장애인 제한경쟁)",2023-09-15,2023-09-25,2023-09-15,2023-09-25,인터넷 접수,직접,일반계약직,1,NCS기반 블라인드 채용,"1차 서류심사, 2차 면접시험, 3차 최종합격",2023-10-27,"성별,학력,전공,지역에 대한 제한 없음-병역필 또는 면제자 및 해외여행에 결격사유가 없는자-현역의 경우에는 최종합격자 발표 전일까지 전역이 가능하여야 하며,회사 등 재직 중인 자는 임용시부터 재직이 가능하여야함",경영지원팀,051-780-2134
31,2023년 부산관광공사 체험형 청년인턴 선발 공고,2023-12-02,2023-12-12,2023-12-02,2023-12-12,인터넷 접수,직접,체험형 청년인턴,2,NCS기반 블라인드 채용,"1차 서류심사, 2차 면접시험, 3차 최종합격",2023-12-29,"성별, 학력, 전공, 지역에 대한 제한 없음,병역필 또는 면제자 및 해외여행에 결격사유가 없는자,현역의 경우에는 최종합격자 발표 전일까지 전역이 가능하여야 하며,  회사 등 재직 중인 자는 임용 시부터 재직이 가능하여야 함",경영지원팀,051-780-2134
32,2023 부산관광공사 개방형 직위 공모 공고(경영혁신실장),2023-12-08,2023-12-18,2023-12-08,2023-12-18,인터넷 접수,직접,경영혁신실장,1,NCS기반 블라인드 채용,"1차 서류심사, 2차 면접시험, 3차 최종합격",2024-01-08,"관련분야 박사학위 취득 후 2년 이상 경력자, 관련분야 석사학위 취득 후 5년 이상 경력자, 공무원 5급 이상으로 관련분야 2년 이상 경력자,정부 및 지방자치단체 투자기관 2급 또는 기업체 부장급 이상 경력자, 관련분야 15년 이상 경력자,기타 위 각 호에 준하는 자격 또는 능력이 있다고 인정되는 자",경영지원팀,051-780-2134
33,2024년 부산관광공사 일반계약직 공개경쟁채용 공고,2024-02-09,2024-02-29,2024-02-09,2024-02-29,인터넷 접수,직접,일반계약직,11,NCS기반 블라인드 채용,"1차 서류심사, 2차 면접시험, 3차 최종합격",2024-03-15,"성별, 학력, 전공, 지역에 대한 제한 없음,병역필 또는 면제자 및 해외여행에 결격사유가 없는자,현역의 경우에는 최종합격자 발표 전일까지 전역이 가능하여야 하며,  회사 등 재직 중인 자는 임용 시부터 재직이 가능하여야 함",경영지원팀,051-780-2134
34,2024년 부산관광공사 일반계약직 공개경쟁채용 재공고,2024-03-11,2024-03-21,2024-03-11,2024-03-21,인터넷 접수,직접,일반계약직,2,NCS기반 블라인드 채용,"1차 서류심사, 2차 면접시험, 3차 최종합격",2024-04-04,"성별, 학력, 전공, 지역에 대한 제한 없음, 병역필 또는 면제자 및 해외여행에 결격사유가 없는자,현역의 경우에는 최종합격자 발표 전일까지 전역이 가능하여야 하며, 회사 등 재직 중인 자는 임용 시부터 재직이 가능하여야 함.분야별 필수자격 : 관광두레 부산지역 협력사업 운영(외국어 자격요건 중 한 가지 이상 해당자),(영어) TOEIC 800이상 또는 TOEFL 91 이상 또는 TEPS 650(New TEPS 310) 이상(일어) JPT 800이상 또는 JLPT N2 이상 (중어) HSK 5급 이상  ※ 우대사항: 관련 업무경험자(관광MICE, 창업보육, 일자리 사업, 엘셀러레이터, 벤처캐피털), 관광MICE, 회계 관련 자격증 소지자 *공사 기록물관리(필수자격 아래 요건 중 한 가지 이상 해당자) 기록관리학 전공으로 석사학위 이상 취득자,행정안전부 장관이 시행하는 기록물관리 전문요원 시험 합격자",경영지원팀,051-780-2134
35,2024년 부산관광공사 일반계약직 공개경쟁채용 공고,2024-03-11,2024-03-21,2024-03-11,2024-03-21,인터넷 접수,직접,일반계약직,4,NCS기반 블라인드 채용,"1차 서류심사, 2차 면접시험, 3차 최종합격",2024-04-04,"성별, 학력, 전공, 지역에 대한 제한 없음, 병역필 또는 면제자 및 해외여행에 결격사유가 없는자,현역의 경우에는 최종합격자 발표 전일까지 전역이 가능하여야 하며, 회사 등 재직 중인 자는 임용 시부터 재직이 가능하여야 함",경영지원팀,051-780-2134
36,2024년 부산관광공사 무기계약직(운전원) 공개경쟁채용 공고,2024-04-08,2024-04-18,2024-04-08,2024-04-18,인터넷 접수,직접,무기계약직,3,NCS기반 블라인드 채용,"1차 서류심사, 2차 면접시험, 3차 최종합격",2024-05-01,"성별, 학력, 전공, 지역에 대한 제한 없음,병역필 또는 면제자 및 해외여행에 결격사유가 없는자,현역의 경우에는 최종합격자 발표 전일까지 전역이 가능하여야 하며, 회사 등 재직 중인 자는 임용 시부터 재직이 가능하여야 함. 직무필수자격: (공고일 기준) 1종 대형운전면허를 보유하고 있는 버스운전자격증 소지자, (공고일 기준) 영업용 버스운전 경력 1년 이상인 자- 영업용버스: 시내버스, 농어촌버스, 마을버스, 시외·고속버스, 전세버스- 4대보험 가입 및 사업자등록이 되어있어야 함.(경력증명서 또는 재직증명서, 건강보험자격득실확인서 등 증빙 제출필요), (서류접수 마감일 기준) 운전경력증명서상 최근 1년간 무사고 운전자*기간 중 운전자격이 정지된 자 제외 (서류접수 마감일 기준) 최근 3년 이내 운전자 정밀검사 적합판정을 받은 자, 전항목 4등급 이상) (서류접수 마감일 기준) 최근 5년간 음주로 인한 운전면허 정지, 취소를 받지 않은 자",경영지원팀,051-780-2134
37,2024년 부산관광공사 무기계약직(운전원) 공개경쟁채용 재공고,2024-04-22,2024-05-03,2024-04-22,2024-05-03,인터넷 접수,직접,무기계약직,3,NCS기반 블라인드 채용,"1차 서류심사, 2차 면접시험, 3차 최종합격",2024-05-20,"성별, 학력, 전공, 지역에 대한 제한 없음.병역필 또는 면제자 및 해외여행에 결격사유가 없는자. 현역의 경우에는 최종합격자 발표 전일까지 전역이 가능하여야 하며, 회사 등 재직 중인 자는 임용 시부터 재직이 가능하여야 함.직무필수자격:(공고일 기준) 1종 대형운전면허를 보유하고 있는 버스운전자격증 소지자(공고일 기준) 영업용 버스운전 경력 1년 이상인 자- 영업용버스: 시내버스, 농어촌버스, 마을버스, 시외·고속버스, 전세버스- 4대보험 가입 및 사업자등록이 되어있어야 함(경력증명서 또는 재직증명서, 건강보험자격득실확인서 등 증빙 제출필요) (서류접수 마감일 기준) 운전경력증명서상 최근 1년간 무사고 운전자기간 중 운전자격이 정지된 자 제외 (서류접수 마감일 기준) 최근 3년 이내 운전자 정밀검사 적합판정을 받은 자(전항목 4등급 이상) (서류접수 마감일 기준) 최근 5년간 음주로 인한 운전면허 정지, 취소를 받지않은 자",경영지원팀,051-780-2134
38,"2024년 부산관광공사 일반계약직 (공개경쟁, 장애인제한경쟁) 채용 공고",2024-05-13,2024-05-23,2024-05-13,2024-05-23,인터넷 접수,직접,일반계약직,5,NCS기반 블라인드 채용,"1차 서류심사, 2차 면접시험, 3차 최종합격",2024-06-10,"성별, 학력, 전공, 지역에 대한 제한 없음.병역필 또는 면제자 및 해외여행에 결격사유가 없는자.현역의 경우에는 최종합격자 발표 전일까지 전역이 가능하여야 하며, 회사 등 재직 중인 자는 임용 시부터 재직이 가능하여야 함 외국어 자격요건 중 한 가지 이상 해당자 (영어) TOEIC 800이상 또는 TOEFL 91이상 또는 TEPS 650(New TEPS 310)이상(일어) JPT 800이상 또는 JLPT N2 이상  (중어) HSK 5급 이상외국어 자격요건 중 한 가지 이상 해당자  (영어) TOEIC 800이상 또는 TOEFL 91이상 또는 TEPS 650(New TEPS 310)이상 (일어) JPT 800이상 또는 JLPT N2 이상, (중어) HSK 5급 이상",경영지원팀,051-780-2134
39,2024년 부산관광공사 일반계약직(공개경쟁) 채용 공고,2024-07-09,2024-07-19,2024-07-09,2024-07-19,인터넷 접수,직접,일반계약직,1,NCS기반 블라인드 채용,"1차 서류심사, 2차 면접시험, 3차 최종합격",2024-08-01,"공통 응시자격    -성별, 학력, 전공, 지역에 대한 제한 없음  -병역필 또는 면제자 및 해외여행에 결격사유가 없는자  -현역의 경우에는 최종합격자 발표 전일까지 전역이 가능하여야 하며, 회사 등 재직 중인 자는 임용 시부터 재직이 가능하여야 함 외국어 자격요건 중 한 가지 이상 해당자   (영어) TOEIC 800이상 또는 TOEFL 91이상 또는 TEPS 650(New TEPS 310)이상, (일어) JPT 800이상 또는 JLPT N2 이상  (중어) HSK 5급 이상",경영지원팀,051-780-2134
40,2024년 부산관광공사 일반계약직 (육아휴직대체) 공개경쟁채용 공고,2024-08-26,2024-09-05,2024-08-26,2024-09-05,인터넷 접수,직접,일반계약직,7,NCS기반 블라인드 채용,"1차 서류심사, 2차 면접시험, 3차 최종합격",2024-09-12,"공통 응시자격 -성별, 학력, 전공, 지역에 대한 제한 없음 -병역필 또는 면제자 및 해외여행에 결격사유가 없는자 -현역의 경우에는 최종합격자 발표 전일까지 전역이 가능하여야 하며, 회사 등 재직 중인 자는 임용 시부터 재직이 가능하여야 함. 필수자격: GTQ 또는 컴퓨터그래픽스 운용기능사 자격증 보유자.필수자격 아래 외국어 자격요건 한 가지 이상 해당자, 영어) TOEIC 600이상 또는 TOEFL 69이상 또는 TEPS 248(New TEPS 228)이상",경영지원팀,051-780-2134
41,2024년 부산관광공사 신입사원 공개채용 공고,2024-09-06,2024-09-26,2024-09-06,2024-09-26,인터넷 접수,https://bto.or.kr/kor/CMS/Board/Board.do?mCode=MN049&page=5&mgr_seq=23&mode=view&mgr_seq=23&board_seq=4153,일반사무직,4,NCS기반 블라인드 채용,1. 필기시험 2. 인성검사 3. 서류심사 4. 면접시험,2024-12-02,"병역필 또는 면제자 및 해외여행에 결격사유가 없는 자, 만60세 미만, 학력 제한 없음.분야별 자격증 소지자, 초과근무 가능한자,  1개 충족 가능한자 (영어) 토익 880 또는 TOFEL 105 또는 New TEPS 358 이상,  (일어) JPT 900 또는 JLPT N1 이상 (중어) 新 HSK 6급이상",경영지원팀,051-780-2134
42,2024 일반계약직(시티투어 운전원) 채용 공고,2024-09-09,2024-09-19,2024-09-09,2024-09-19,인터넷 접수,직접,일반계약직,3,NCS기반 블라인드 채용,"1차 서류심사, 2차 면접시험, 3차 최종합격",2024-09-26,"성별, 학력, 전공, 지역에 대한 제한 없음,병역필 또는 면제자 및 해외여행에 결격사유가 없는자,현역의 경우에는 최종합격자 발표 전일까지 전역이 가능하여야 하며, 회사 등 재직 중인 자는 임용 시부터 재직이 가능하여야 함. 직무필수자격(공고일 기준) 1종 대형운전면허를 보유하고 있는 버스운전자격증 소지자(공고일 기준) 영업용 버스운전 경력 1년 이상인 자- 영업용버스: 시내버스, 농어촌버스, 마을버스, 시외·고속버스, 전세버스- 4대보험 가입 및 사업자등록이 되어있어야 함(경력증명서 또는 재직증명서, 건강보험자격득실확인서 등 증빙 제출필요)(서류접수 마감일 기준) 운전경력증명서상 최근 1년간 무사고 운전자*기간 중 운전자격이 정지된 자 제외 (서류접수 마감일 기준) 최근 3년 이내 운전자 정밀검사 적합판정을 받은 자, (전항목 4등급 이상) (서류접수 마감일 기준) 최근 5년간 음주로 인한 운전면허 정지, 취소를 받지 않은 자",경영지원팀,051-780-2134
43,2024년 부산관광공사 일반계약직 (육아휴직대체) 공개경쟁채용 공고,2024-10-02,2024-10-14,2024-10-02,2024-10-14,인터넷 접수,직접,일반계약직,1,NCS기반 블라인드 채용,"1차 서류심사, 2차 면접시험, 3차 최종합격",2024-11-01,"성별, 학력, 전공, 지역에 대한 제한 없음.병역필 또는 면제자 및 해외여행에 결격사유가 없는자. 현역의 경우에는 최종합격자 발표 전일까지 전역이 가능하여야 하며, 회사 등 재직 중인 자는 임용 시부터 재직이 가능하여야 함 -필수자격 아래 외국어 자격요건 한 가지 이상 해당자(영어) TOEIC 600이상 또는 TOEFL 69이상 또는 TEPS 248(New TEPS 228)이상",경영지원팀,051-780-2134
44,부산관광공사 임원 초빙 공고,2024-10-08,2024-10-23,2024-10-08,2024-10-23,"방문, 등기우편 접수",직접,비상임이사,1,공사 내규에 따름,"1차 서류심사, 2차 면접시험, 3차 최종합격",2024-11-25,"지방공기업법 제60조(임원의 결격사유) 제1항에 해당하지 않는 자로서 다음 각호의 1에 해당하는 자 ,비상임이사 : 공사 발전을 위한 경영 비전 및 정책적 제언을 제시할 수 있는 자,최고 의사결정기구 구성원으로서 기본윤리, 책임감을 갖춘 자,경영일반, 회계, 세무, 관광 산업 전반에 대한 지식과 경험을 보유한 자, 선거를 통해서 선출된 노동자이사 후보자",경영지원팀,051-780-2134
45,부산관광공사 사장 초빙 공고,2024-11-14,2024-11-29,2024-11-14,2024-11-29,"방문,  등기우편 접수",직접,임원(사장),1,공사 내규에 따름,"1차 서류심사, 2차 면접시험, 3차 최종합격",2025-02-12,"자격요건: 업무수행에 필요한 학식과 경험이 풍부하고 능력을 갖춘 자,관광 및 경영 분야에 대한 전문지식과 경험이 풍부한 자,최고경영자로서 조직화합과 경영성과를 이룰 수 있는 자, 확고한 개혁 의지와 조직관리 능력을 갖춘 자,청렴성과 도덕성 등 건전한 윤리의식을 가진 자, 기업성과 공익성을 조화시킬 수 있는 자",경영지원팀,051-780-2134
46,2024년 부산관광공사 무기계약직(운전원) 공개경쟁채용 공고,2024-12-02,2024-12-12,2024-12-02,2024-12-12,인터넷 접수,직접,무기계약직,3,NCS기반 블라인드 채용,"1차 서류심사, 2차 면접시험, 3차 최종합격",2025-01-02,"성별, 학력, 전공, 지역에 대한 제한 없음,병역필 또는 면제자 및 해외여행에 결격사유가 없는자,현역군인의 경우에는 최종합격자 발표전일까지 전역이 가능하여야 하며,  회사 등 재직 중인 자는 임용시부터 재직이 가능하여야 함,임용예정일 기준 공사 정년퇴직 연령(만 60세)에 도달하지 않아야 함",경영지원팀,051-780-2134
47,2024년 부산관광공사 체험형 청년인턴 선발 공고,2024-12-02,2024-12-12,2024-12-02,2024-12-12,인터넷 접수,직접,체험형 청년인턴,4,NCS기반 블라인드 채용,"1차 서류심사, 2차 면접시험, 3차 최종합격",2024-12-30,"요  건 : 아래 3가지의 요건 중 하나를 충족하여야 함,공고일 기준 부산광역시 소재 대학교 재학 중 또는 졸업, 졸업예정자,공고일 이전부터 면접일까지 주민등록기준상 부산광역시에 거주 중인 자, 단 동기간 중 주민등록 말 소 및 거주 불명으로 등록된 사실이 없어야 함, 공고일 기준 주민등록기준상 부산광역시에서 합산 거주한 기간이 3년 이상인 자",경영지원팀,051-780-2134
48,2024년 부산관광공사 시티투어버스  내외부 환경미화(초단시간 근로자) 채용 공고,2024-12-02,2024-12-12,2024-12-02,2024-12-12,인터넷 접수,직접,일반계약직,1,NCS기반 블라인드 채용,"1차 서류심사, 2차 면접시험, 3차 최종합격",2025-01-01,"성별, 학력, 전공, 지역에 대한 제한 없음,병역필 또는 면제자 및 해외여행에 결격사유가 없는자,현역의 경우에는 최종합격자 발표 전일까지 전역이 가능하여야 하며, 회사 등 재직 중인 자는 임용 시부터 재직이 가능하여야 함",경영지원팀,051-780-2134
49,2024 일반계약직(육아휴직대체 장애인제한경쟁  관광사업운영) 채용공고,2024-12-02,2024-12-12,2024-12-02,2024-12-12,인터넷 접수,직접,일반계약직,1,NCS기반 블라인드 채용,"1차 서류심사, 2차 면접시험, 3차 최종합격",2024-12-30,"성별, 학력, 전공, 지역에 대한 제한 없음,병역필 또는 면제자 및 해외여행에 결격사유가 없는자,현역의 경우에는 최종합격자 발표 전일까지 전역이 가능하여야 하며, 회사 등 재직 중인 자는 임용 시부터 재직이 가능하여야 함",경영지원팀,051-780-2134
50,2025년 일반계약직 1차 채용 공고,2025-01-20,2025-01-31,2025-01-20,2025-01-31,인터넷 접수,직접,일반계약직,8,NCS기반 블라인드 채용,"1차 서류심사, 2차 면접시험, 3차 최종합격",2025-02-12,"성별, 학력, 전공, 지역에 대한 제한 없음,병역필 또는 면제자 및 해외여행에 결격사유가 없는자,현역의 경우에는 최종합격자 발표 전일까지 전역이 가능하여야 하며, 회사 등 재직 중인 자는 임용 시부터 재직이 가능하여야 함",경영지원팀,051-780-2134
51,2025년 일반계약직 2차 채용 공고,2025-01-31,2025-02-10,2025-01-31,2025-02-10,인터넷 접수,직접,일반계약직,3,NCS기반 블라인드 채용,"1차 서류심사, 2차 면접시험, 3차 최종합격",2025-03-04,"성별, 학력, 전공, 지역에 대한 제한 없음,병역필 또는 면제자 및 해외여행에 결격사유가 없는 자,현역군인의 경우에는 최종합격자 발표 전일까지 전역이 가능하여야 하며, 회사 등 재직 중인 자는 임용시부터 재직이 가능하여야 함,야간관광 특화도시조성 우대사항: SNS채널 관리 경험자(디자인 가능) 우대,필수자격: 아래 외국어 자격요건 중 한 가지 이상 해당자 (영어) TOEIC 600이상 또는 TOEFL 69 이상 또는 TEPS 248(New TEPS 228) 이상 (일어) JPT 600이상 또는 JLPT N3 이상",경영지원팀,051-780-2134
52,부산관광공사 임원 초빙 공고,2025-02-11,2025-02-26,2025-02-11,2025-02-26,방문 또는 등기우편 접수,직접,비상임이사,3,공사 내규에 따름,"1차 서류심사, 2차 면접심사",0,"업무수행에 필요한 학식과 경험이 풍부하고 능력을 갖춘 사람-공사 조직의 윤리성과 사업수행능력을 제고하여 효과성과 투명성 진작-공사 업무의 효율성과 투명성 확보를 위한 도덕성과 리더쉽,문제해결능력 겸비-학력제한없으며,행정학,경영학,경제학,회계학,무역학,법학 전공자 선호-정부기관 또는 민간기업에서 근무한 경력,예산 및 회계분야 경험 또는 인사,경재 분야행정경험필요",경영지원팀,051-780-2134
53,부산관광공사 상임이사(본부장) 초빙 공고,2025-03-28,2025-04-14,2025-03-28,2025-04-14,"방문, 등기우편 접수",직접,상임이사,1,공사 내규에 따름,"1차 서류심사,  2차 면접시험, 3차 최종합격",2025-05-13,"사 장:관광 및 경영 분야에 대한 전문지식과 경험이 풍부한 자, 최고경영자로서 조직화합과 경영성과를 이룰 수 있는 자,확고한 개혁 의지와 조직관리 능력을 갖춘 자,청렴성과 도덕성 등 건전한 윤리의식을 가진 자,기업성과 공익성을 조화시킬 수 있는 자, 비상임이사: 공사 발전을 위한 경영 비전 및 정책적 제언을 제시할 수 있는 자,최고 의사결정기구 구성원으로서 기본윤리, 책임감을 갖춘 자, 경영일반, 회계, 세무, 관광 산업 전반에 대한 지식과 경험을 보유한 자, 선거를 통해서 선출된 노동자이사 후보자",경영지원팀,051-780-2134
54,부산관광공사 일반계약직(4차) 채용 공고,2025-04-16,2025-04-26,2025-04-16,2025-04-26,인터넷 접수,직접,일반계약직,2,NCS기반 블라인드 채용,"1차 서류심사,  2차 면접시험, 3차 최종합격",2025-05-28,"성별, 학력, 전공, 지역에 대한 제한 없음,병역필 또는 면제자 및 해외여행에 결격사유가 없는 자,현역군인의 경우에는 최종합격자 발표 전일까지 전역이 가능하여야 하며,회사 등 재직 중인 자는 임용시부터 재직이 가능하여야 함",경영지원팀,051-780-2134
55,부산관광공사 일반계약직(4차) 채용 재공고,2025-05-12,2025-05-22,2025-05-12,2025-05-22,인터넷 접수,직접,일반계약직,3,NCS기반 블라인드 채용,"1차 서류심사,  2차 면접시험, 3차 최종합격",2025-06-11,"성별, 학력, 전공, 지역에 대한 제한 없음,병역필 또는 면제자 및 해외여행에 결격사유가 없는 자,현역군인의 경우에는 최종합격자 발표 전일까지 전역이 가능하여야 하며,회사 등 재직 중인 자는 임용시부터 재직이 가능하여야 함",경영지원팀,051-780-2134
56,부산관광공사 일반계약직(5차) 장애인제한경쟁 채용 공고,2025-05-12,2025-05-22,2025-05-12,2025-05-22,인터넷 접수,직접,일반계약직,2,NCS기반 블라인드 채용,"1차 서류심사,  2차 면접시험, 3차 최종합격",2025-06-11," 성별, 학력, 전공, 지역에 대한 제한 없음,병역필 또는 면제자 및 해외여행에 결격사유가 없는 자,현역군인의 경우에는 최종합격자 발표 전일까지 전역이 가능하여야 하며,회사 등 재직 중인 자는 임용시부터 재직이 가능하여야 함「장애인고용촉진 및 직업재활법」에 의한 장애인   ※ 장애인 등록증 또는 복지카드 사본 제출",경영지원팀,051-780-2134
57,2025년 부산관광공사 체험형 청년인턴 선발 공고,2025-07-02,2025-07-12,2025-07-02,2025-07-12,인터넷 접수,직접,체험형 청년인턴,3,NCS기반 블라인드 채용,"1차 서류심사,  2차 면접시험, 3차 최종합격",2025-08-01," 일반 응시자격 1) 연    령: 「청년고용촉진특별법」제5조 제1항 및 동법시행령 제2조의 의거 공고일 기준 만 34세 이하인 청년 2) 학    력: 제한없음3) 병    역: 해외여행에 결격사유가 없는 자, 남자의 경우 병역필 또는 면제된 자※현역복무중인자는단계별전형절차(면접시험등)에응시가가능하여야하며,최종합격자 발표일전일까지전역(소집해제)이가능하여야함  4) 어학자격: 아래 요건 중 1개 이상 충족자      -  TOEIC 600이상 또는 TOEFL 69 이상 또는 TEPS 248(New TEPS 228) 이상",경영지원팀,051-780-2134
